Portfolio Name,Category,Set,Product Name,Card Number,Rarity,Variance,Grade,Card Condition,Average Cost Paid,Quantity,Market Price (As of 2026-08-26),Price Override,Watchlist,Date Added,Notes
Main,One Piece,Carrying On His Will,DON!! Card (Gol.D.Roger) (Gold),,DON!!,Foil,Ungraded,Near Mint,0,1,5.59,0,false,2026-08-26,
Main,One Piece,One Piece Promotion Cards,Portgas.D.Ace (Illustration Box Vol.5),ST15-005,SR,Foil,Ungraded,Near Mint,0,1,1.95,0,false,2026-08-26,
Main,One Piece,One Piece Promotion Cards,Sabo (Illustration Box Vol.5),OP05-007,SR,Foil,Ungraded,Near Mint,0,1,0.68,0,false,2026-08-26,
Main,Pokemon,Ascended Heroes,Ascended Heroes Elite Trainer Box,,,Normal,Ungraded,Near Mint,0,1,166.35,0,false,2026-08-26,
Main,Pokemon,Ascended Heroes,Carbink,242/217,Illustration Rare,Holofoil,Ungraded,Near Mint,0.0000,1,5.42,0,false,2026-02-16,
Main,Pokemon,Ascended Heroes,Dustox,220/217,Illustration Rare,Holofoil,Ungraded,Near Mint,0.0000,1,3.08,0,false,2026-02-16,
Main,Pokemon,Ascended Heroes,Glass Trumpet,260/217,Ultra Rare,Holofoil,Ungraded,Near Mint,0.0000,1,0.73,0,false,2026-02-16,
Main,Pokemon,Ascended Heroes,Hitmontop,240/217,Illustration Rare,Holofoil,Ungraded,Near Mint,0.0000,1,4.73,0,false,2026-03-05,
Main,Pokemon,Ascended Heroes,Mega Gengar ex,284/217,Special Illustration Rare,Holofoil,Ungraded,Near Mint,0,1,"1,055.48",0,false,2026-03-05,
Main,Pokemon,Ascended Heroes,Mega Scrafty ex,270/217,Mega Attack Rare,Holofoil,Ungraded,Near Mint,0.0000,1,4.92,0,false,2026-02-16,
Main,Pokemon,Astral Radiance,Ponyta,021/189,Common,Normal,Ungraded,Near Mint,0.0000,1,0.15,0,false,2026-01-04,
Main,Pokemon,Base Set 2,Bulbasaur,67,Common,Normal,Ungraded,Near Mint,0.0000,1,4.16,0,false,2026-01-04,
Main,Pokemon,Base Set 2,Magmar,51,Uncommon,Normal,Ungraded,Near Mint,0.0000,1,1.24,0,false,2026-01-04,
Main,Pokemon,Base Set 2,Rattata,89,Common,Normal,TAG 8.5 NM MT+,Near Mint,0.0000,1,0,0,false,2026-01-07,
Main,Pokemon,Base Set (Unlimited),Blastoise,2,Holo Rare,Holofoil,Ungraded,Near Mint,0.0000,1,224.92,0,false,2026-01-04,
Main,Pokemon,Base Set (Unlimited),Bulbasaur,44,Common,Normal,Ungraded,Near Mint,0.0000,1,2.9,0,false,2026-01-04,
Main,Pokemon,Base Set (Unlimited),Charizard,4,Holo Rare,Holofoil,Ungraded,Near Mint,0.0000,1,855.52,0,false,2026-01-04,
Main,Pokemon,Base Set (Unlimited),Charmander,46,Common,Normal,Ungraded,Near Mint,0.0000,1,3.11,0,false,2026-01-04,
Main,Pokemon,Base Set (Unlimited),Clefairy,5,Holo Rare,Holofoil,Ungraded,Near Mint,0.0000,1,47.75,0,false,2026-01-04,
Main,Pokemon,Base Set (Unlimited),Double Colorless Energy,96,Uncommon,Normal,Ungraded,Near Mint,0.0000,1,5.88,0,false,2026-01-04,
Main,Pokemon,Base Set (Unlimited),Ivysaur,30,Uncommon,Normal,Ungraded,Near Mint,0.0000,2,5.35,0,false,2026-01-04,; 
Main,Pokemon,Base Set (Unlimited),Magmar,36,Uncommon,Normal,Ungraded,Near Mint,0.0000,1,3.06,0,false,2026-01-04,
Main,Pokemon,Base Set (Unlimited),Ponyta,60,Common,Normal,Ungraded,Near Mint,0.0000,1,0.66,0,false,2026-01-04,
Main,Pokemon,Base Set (Unlimited),Squirtle,63,Common,Normal,Ungraded,Near Mint,0.0000,1,7.23,0,false,2026-01-04,
Main,Pokemon,Base Set (Unlimited),Venusaur,15,Holo Rare,Holofoil,Ungraded,Near Mint,0.0000,1,188.73,0,false,2026-01-04,
Main,Pokemon,Base Set (Unlimited),Wartortle,42,Uncommon,Normal,Ungraded,Near Mint,0.0000,1,4.91,0,false,2026-01-04,
Main,Pokemon,Battle Styles,Flapple V,018/163,Ultra Rare,Holofoil,Ungraded,Near Mint,0.0000,1,0.77,0,false,2026-01-04,
Main,Pokemon,Black Bolt,Cinccino,076/086,Uncommon,Reverse Holofoil,Ungraded,Near Mint,0.0000,1,0.26,0,false,2026-01-05,
Main,Pokemon,Black Bolt,Meloetta ex,044/086,Double Rare,Holofoil,Ungraded,Near Mint,0.0000,1,0.67,0,false,2026-01-04,
Main,Pokemon,Black Bolt,N's Plan,163/086,Ultra Rare,Holofoil,Ungraded,Near Mint,0.0000,1,5.14,0,false,2026-01-04,
Main,Pokemon,Black Bolt,N's Plot (JP),083/086,Uncommon,Poke Ball Reverse Holo,Ungraded,Near Mint,0.0000,1,1.65,0,false,2026-01-05,
Main,Pokemon,Black Bolt,Pawniard,064/086,Common,Reverse Holofoil,Ungraded,Near Mint,0.0000,1,0.17,0,false,2026-01-05,
Main,Pokemon,Black Bolt,Scolipede (Poke Ball Pattern),059/086,Uncommon,Holofoil,Ungraded,Near Mint,0.0000,1,0.39,0,false,2026-01-05,
Main,Pokemon,Black Bolt,Zekrom ex,034/086,Double Rare,Holofoil,Ungraded,Near Mint,0.0000,1,0.72,0,false,2026-01-04,
Main,Pokemon,Brilliant Stars,Grotle,007/172,Uncommon,Reverse Holofoil,Ungraded,Near Mint,0.0000,1,0.27,0,false,2026-01-05,
Main,Pokemon,Brilliant Stars Trainer Gallery,Ariados,TG09/TG30,Ultra Rare,Holofoil,Ungraded,Near Mint,0.0000,1,2.54,0,false,2026-01-04,
Main,Pokemon,Brilliant Stars Trainer Gallery,Zekrom,TG05/TG30,Ultra Rare,Holofoil,Ungraded,Near Mint,0.0000,1,16.14,0,false,2026-01-04,
Main,Pokemon,Celebrations,Flying Pikachu V,006/025,Ultra Rare,Holofoil,Ungraded,Near Mint,0.0000,1,4.7,0,false,2026-01-13,
Main,Pokemon,Celebrations: Classic Collection,Dark Gyarados,8/82,Classic Collection,Holofoil,CGC 10.0 Gem Mint,Near Mint,0,1,33.01,0,false,2026-01-04,
Main,Pokemon,Celebrations: Classic Collection,M Rayquaza EX,76/108,Classic Collection,Holofoil,Ungraded,Near Mint,0.0000,1,42.2,0,false,2026-01-04,
Main,Pokemon,Chilling Reign,Blaziken V,020/198,Ultra Rare,Holofoil,Ungraded,Near Mint,0.0000,1,1.18,0,false,2026-01-04,
Main,Pokemon,Chilling Reign,Tornadus V,124/198,Ultra Rare,Holofoil,Ungraded,Near Mint,0.0000,1,0.75,0,false,2026-01-04,
Main,Pokemon,Crimson Haze,Poltchageist (JP),068/066,Art Rare,Holofoil,CGC 9.0 Mint,Near Mint,0.0000,1,10,0,false,2026-01-07,
Main,Pokemon,Crimson Invasion,Alolan Raichu,31/111,Holo Rare,Holofoil,Ungraded,Near Mint,0.0000,1,3.36,0,false,2026-01-04,
Main,Pokemon,Crown Zenith,Rayquaza V,100/159,Ultra Rare,Holofoil,CGC 10.0 Pristine,Near Mint,0,1,40,0,false,2026-01-12,
Main,Pokemon,Crown Zenith,Simisear V,022/159,Ultra Rare,Holofoil,Ungraded,Near Mint,0.0000,1,0.69,0,false,2026-01-04,
Main,Pokemon,Crown Zenith: Galarian Gallery,Hisuian Goodra,GG21/GG70,Holo Rare,Holofoil,CGC 9.5 Mint+,Near Mint,0.0000,1,0,0,false,2026-01-04,
Main,Pokemon,Crown Zenith: Galarian Gallery,Magnezone,GG18/GG70,Holo Rare,Holofoil,Ungraded,Near Mint,0.0000,1,4.89,0,false,2026-01-04,
Main,Pokemon,Crown Zenith: Galarian Gallery,Swablu,GG27/GG70,Holo Rare,Holofoil,CGC 9.5 Mint+,Near Mint,0.0000,1,4.25,0,false,2026-01-04,
Main,Pokemon,Deck Exclusives,Machamp,008/102,Holo Rare,1st Edition Holofoil,Ungraded,Near Mint,0,1,24.67,0,false,2026-01-21,
Main,Pokemon,Destined Rivals,Arboliva ex,207/182,Ultra Rare,Holofoil,Ungraded,Near Mint,0.0000,2,2.03,0,false,2026-01-04,
Main,Pokemon,Destined Rivals,Arven's Mabosstiff ex,139/182,Double Rare,Holofoil,Ungraded,Near Mint,0.0000,1,0.58,0,false,2026-01-04,
Main,Pokemon,Destined Rivals,Cynthia's Garchomp ex,104/182,Double Rare,Holofoil,Ungraded,Near Mint,0.0000,2,0.89,0,false,2026-01-04,
Main,Pokemon,Destined Rivals,Dondozo ex,066/182,Double Rare,Holofoil,Ungraded,Near Mint,0.0000,3,0.56,0,false,2026-01-04,
Main,Pokemon,Destined Rivals,Electivire ex,069/182,Double Rare,Holofoil,Ungraded,Near Mint,0.0000,2,0.76,0,false,2026-01-04,
Main,Pokemon,Destined Rivals,Electivire ex,212/182,Ultra Rare,Holofoil,Ungraded,Near Mint,0.0000,1,1.1,0,false,2026-01-04,
Main,Pokemon,Destined Rivals,Ethan's Ho-oh ex,039/182,Double Rare,Holofoil,Ungraded,Near Mint,0.0000,3,0.8,0,false,2026-01-04,
Main,Pokemon,Destined Rivals,Ethan's Typhlosion,190/182,Illustration Rare,Holofoil,Ungraded,Near Mint,0.0000,1,25.74,0,false,2026-01-04,
Main,Pokemon,Destined Rivals,Marnie's Grimmsnarl ex,136/182,Double Rare,Holofoil,Ungraded,Near Mint,0.0000,1,0.77,0,false,2026-01-04,
Main,Pokemon,Destined Rivals,Misty's Gyarados,049/182,Rare,Holofoil,Ungraded,Near Mint,0.0000,2,0.35,0,false,2026-01-04,
Main,Pokemon,Destined Rivals,Misty's Lapras,194/182,Illustration Rare,Holofoil,Ungraded,Near Mint,0.0000,1,31.74,0,false,2026-01-09,
Main,Pokemon,Destined Rivals,Rabsca ex,025/182,Double Rare,Holofoil,Ungraded,Near Mint,0.0000,2,0.72,0,false,2026-01-04,
Main,Pokemon,Destined Rivals,Team Rocket's Crobat ex,217/182,Ultra Rare,Holofoil,Ungraded,Near Mint,0.0000,1,2.55,0,false,2026-01-04,
Main,Pokemon,Destined Rivals,Team Rocket's Houndoom,191/182,Illustration Rare,Holofoil,Ungraded,Near Mint,0.0000,1,12.81,0,false,2026-01-04,
Main,Pokemon,Destined Rivals,Team Rocket's Meowth,203/182,Illustration Rare,Holofoil,Ungraded,Near Mint,0.0000,1,26.19,0,false,2026-01-04,
Main,Pokemon,Destined Rivals,Team Rocket's Moltres ex,031/182,Double Rare,Holofoil,Ungraded,Near Mint,0.0000,1,0.92,0,false,2026-01-04,
Main,Pokemon,Destined Rivals,Team Rocket's Murkrow,200/182,Illustration Rare,Holofoil,Ungraded,Near Mint,0.0000,1,8.74,0,false,2026-01-04,
Main,Pokemon,Destined Rivals,Team Rocket's Persian ex,150/182,Double Rare,Holofoil,Ungraded,Near Mint,0.0000,1,0.79,0,false,2026-01-04,
Main,Pokemon,Destined Rivals,Team Rocket's Weezing,199/182,Illustration Rare,Holofoil,Ungraded,Near Mint,0.0000,1,7.82,0,false,2026-01-04,
Main,Pokemon,Destined Rivals,Yanmega ex,003/182,Double Rare,Holofoil,Ungraded,Near Mint,0.0000,1,0.68,0,false,2026-01-04,
Main,Pokemon,Destined Rivals,Zamazenta,201/182,Illustration Rare,Holofoil,Ungraded,Near Mint,0.0000,1,5.9,0,false,2026-01-04,
Main,Pokemon,Detective Pikachu,Charmander (Holo Common),4,Common,Holofoil,Ungraded,Near Mint,0.0000,1,0.74,0,false,2026-01-04,
Main,Pokemon,Detective Pikachu,Jigglypuff (Holo Common),14,Common,Holofoil,Ungraded,Near Mint,0.0000,1,0.79,0,false,2026-01-04,
Main,Pokemon,Dragons Exalted,Hydreigon (97),97,Holo Rare,Holofoil,Ungraded,Near Mint,0.0000,1,4.77,0,false,2026-02-16,
Main,Pokemon,Eevee Heroes,Leafeon VMAX (JP),003/069,Ultra Rare,Holofoil,CGC 9.0 Mint,Near Mint,0.0000,1,11,0,false,2026-01-04,
Main,Pokemon,Evolutions,Arcanine,18/108,Rare,Normal,Ungraded,Near Mint,0.0000,1,0.36,0,false,2026-01-04,
Main,Pokemon,Evolutions,Brock's Grit,74/108,Uncommon,Reverse Holofoil,Ungraded,Near Mint,0.0000,1,0.33,0,false,2026-01-04,
Main,Pokemon,Evolutions,Charmander,9/108,Common,Normal,Ungraded,Near Mint,0.0000,1,0.3,0,false,2026-01-04,
Main,Pokemon,Evolutions,Drowzee,49/108,Common,Normal,Ungraded,Near Mint,0.0000,1,0.16,0,false,2026-01-04,
Main,Pokemon,Evolutions,Electabuzz,41/108,Common,Normal,Ungraded,Near Mint,0.0000,1,0.23,0,false,2026-01-04,
Main,Pokemon,Evolutions,Growlithe,17/108,Common,Normal,Ungraded,Near Mint,0.0000,1,0.21,0,false,2026-01-04,
Main,Pokemon,Evolutions,Machop,57/108,Common,Normal,Ungraded,Near Mint,0.0000,1,0.13,0,false,2026-01-04,
Main,Pokemon,Evolutions,Nidoran M,43/108,Common,Normal,Ungraded,Near Mint,0.0000,1,0.12,0,false,2026-01-04,
Main,Pokemon,Evolutions,Pikachu,35/108,Common,Normal,Ungraded,Near Mint,0.0000,1,0.94,0,false,2026-01-04,
Main,Pokemon,Evolutions,Starmie,31/108,Rare,Normal,Ungraded,Near Mint,0.0000,1,0.28,0,false,2026-01-04,
Main,Pokemon,Evolutions,Voltorb,39/108,Common,Reverse Holofoil,Ungraded,Near Mint,0.0000,1,0.49,0,false,2026-01-04,
Main,Pokemon,Evolving Skies,Leafeon VMAX (Secret),204/203,Secret Rare,Holofoil,Ungraded,Near Mint,0.0000,1,43.09,0,false,2026-01-04,
Main,Pokemon,Evolving Skies,Trevenant VMAX,014/203,Ultra Rare,Holofoil,Ungraded,Near Mint,0.0000,1,1.65,0,false,2026-01-04,
Main,Pokemon,Evolving Skies,Vaporeon VMAX,030/203,Ultra Rare,Holofoil,Ungraded,Near Mint,0.0000,2,12.14,0,false,2026-01-04,
Main,Pokemon,First Partner Collection 2026,First Partner Illustration Collection (Series 1),,,Normal,Ungraded,Near Mint,0,1,61.75,0,false,2026-08-26,
Main,Pokemon,Fusion Strike,Greedent V (Full Art),256/264,Ultra Rare,Holofoil,Ungraded,Near Mint,0.0000,1,2.25,0,false,2026-01-04,
Main,Pokemon,Future Flash,Iron Valiant ex (JP),038/066,Double Rare,Holofoil,Ungraded,Near Mint,0.0000,1,2.05,0,false,2026-01-13,
Main,Pokemon,Gem Pack 2,Flareon (CN),0402/14,Rare,Holofoil,Ungraded,Near Mint,0.0000,1,1.86,0,false,2026-01-04,
Main,Pokemon,Gym Challenge,Blaine's Growlithe,62,Common,1st Edition,Ungraded,Near Mint,0.0000,1,11.51,0,false,2026-01-04,
Main,Pokemon,Gym Challenge,Blaine's Vulpix,66,Common,1st Edition,Ungraded,Near Mint,0.0000,1,5.84,0,false,2026-01-04,
Main,Pokemon,Gym Heroes,Misty's Psyduck,54,Uncommon,1st Edition,Ungraded,Near Mint,0.0000,1,30.79,0,false,2026-01-04,
Main,Pokemon,Hidden Fates,Starmie GX,14/68,Ultra Rare,Holofoil,Ungraded,Near Mint,0.0000,1,2.08,0,false,2026-01-04,
Main,Pokemon,Inferno X,Mega Charizard X ex,013/080,Double Rare,Holofoil,Ungraded,Near Mint,0.0000,1,3.06,0,false,2026-01-04,
Main,Pokemon,Inferno X,Sacred Charm,103/080,Super Rare,Holofoil,Ungraded,Near Mint,0.0000,1,0.28,0,false,2026-01-04,
Main,Pokemon,Journey Together,Caterpie,001/159,Common,Normal,Ungraded,Near Mint,0.0000,1,0.12,0,false,2026-01-04,
Main,Pokemon,Journey Together,Hop's Zacian ex,111/159,Double Rare,Holofoil,Ungraded,Near Mint,0.0000,1,0.67,0,false,2026-01-04,
Main,Pokemon,Journey Together,Klawf,090/159,Uncommon,Reverse Holofoil,Ungraded,Near Mint,0.0000,1,0.26,0,false,2026-01-04,
Main,Pokemon,Journey Together,Lycanroc,166/159,Illustration Rare,Holofoil,Ungraded,Near Mint,0.0000,2,3.29,0,false,2026-01-04,; 
Main,Pokemon,Journey Together,Mamoswine ex,079/159,Double Rare,Holofoil,Ungraded,Near Mint,0.0000,1,0.76,0,false,2026-01-04,
Main,Pokemon,Journey Together,Reshiram ex,030/159,Double Rare,Holofoil,Ungraded,Near Mint,0.0000,1,0.86,0,false,2026-01-04,
Main,Pokemon,Journey Together,Salamence ex,114/159,Double Rare,Holofoil,Ungraded,Near Mint,0.0000,1,0.79,0,false,2026-01-04,
Main,Pokemon,Journey Together,Tapu Koko ex,051/159,Double Rare,Holofoil,Ungraded,Near Mint,0.0000,1,0.6,0,false,2026-01-04,
Main,Pokemon,Journey Together,Volcanion ex,171/159,Ultra Rare,Holofoil,Ungraded,Near Mint,0.0000,1,1.22,0,false,2026-01-04,
Main,Pokemon,Jungle,Nidoran F,57,Common,1st Edition,CGC 9.0 Mint,Near Mint,0.0000,1,10,0,false,2026-01-04,
Main,Pokemon,Jungle,Pikachu,60,Common,1st Edition,Ungraded,Near Mint,0.0000,1,24.96,0,false,2026-01-04,
Main,Pokemon,Legendary Collection,Charmeleon,37,Uncommon,Normal,CGC 9.5 Mint+,Near Mint,0,1,0,0,false,2026-01-04,
Main,Pokemon,Legendary Collection,Charmeleon,37,Uncommon,Normal,Ungraded,Near Mint,0.0000,1,1.55,0,false,2026-01-04,
Main,Pokemon,Mega Evolution,Acerola's Mischief,165/132,Ultra Rare,Holofoil,Ungraded,Near Mint,0.0000,1,2,0,false,2026-01-04,
Main,Pokemon,Mega Evolution,Garganacl,147/132,Illustration Rare,Holofoil,Ungraded,Near Mint,0.0000,1,1.53,0,false,2026-01-04,
Main,Pokemon,Mega Evolution,Houndstone,145/132,Illustration Rare,Holofoil,Ungraded,Near Mint,0.0000,2,2.94,0,false,2026-01-04,; 
Main,Pokemon,Mega Evolution,Houndstone,145/132,Illustration Rare,Holofoil,CGC 10.0 Pristine,Near Mint,0.0000,1,39.99,0,false,2026-01-07,
Main,Pokemon,Mega Evolution,Ivysaur,134/132,Illustration Rare,Holofoil,Ungraded,Near Mint,0.0000,2,19.63,0,false,2026-01-04,
Main,Pokemon,Mega Evolution,Ivysaur,134/132,Illustration Rare,Holofoil,BGS 9.5 Gem Mint,Near Mint,0.0000,1,36.66,0,false,2026-03-13,
Main,Pokemon,Mega Evolution,Lillie's Determination,169/132,Ultra Rare,Holofoil,Ungraded,Near Mint,0,1,22,0,false,2026-01-04,
Main,Pokemon,Mega Evolution,Lillie's Determination,169/132,Ultra Rare,Holofoil,BGS 9.5 Gem Mint,Near Mint,0.0000,1,13.5,0,false,2026-03-13,
Main,Pokemon,Mega Evolution,Mega Abomasnow ex,036/132,Double Rare,Holofoil,Ungraded,Near Mint,0.0000,4,0.6,0,false,2026-01-04,
Main,Pokemon,Mega Evolution,Mega Absol ex,086/132,Double Rare,Holofoil,Ungraded,Near Mint,0.0000,3,0.85,0,false,2026-01-04,
Main,Pokemon,Mega Evolution,Mega Camerupt ex,022/132,Double Rare,Holofoil,Ungraded,Near Mint,0.0000,1,0.62,0,false,2026-01-04,
Main,Pokemon,Mega Evolution,Mega Gardevoir ex,060/132,Double Rare,Holofoil,Ungraded,Near Mint,0.0000,1,0.76,0,false,2026-01-04,
Main,Pokemon,Mega Evolution,Mega Kangaskhan ex,182/132,Special Illustration Rare,Holofoil,BGS 9.5 Gem Mint,Near Mint,0.0000,1,77.9,0,false,2026-03-13,
Main,Pokemon,Mega Evolution,Mega Kangaskhan ex,104/132,Double Rare,Holofoil,Ungraded,Near Mint,0.0000,2,0.99,0,false,2026-01-04,
Main,Pokemon,Mega Evolution,Mega Kangaskhan ex,182/132,Special Illustration Rare,Holofoil,Ungraded,Near Mint,0,1,59.56,0,false,2026-01-04,
Main,Pokemon,Mega Evolution,Mega Latias ex,100/132,Double Rare,Holofoil,Ungraded,Near Mint,0.0000,2,0.69,0,false,2026-01-04,
Main,Pokemon,Mega Evolution,Mega Manectric ex,050/132,Double Rare,Holofoil,Ungraded,Near Mint,0.0000,2,0.74,0,false,2026-01-04,
Main,Pokemon,Mega Evolution,Mega Mawile ex,094/132,Double Rare,Holofoil,Ungraded,Near Mint,0.0000,3,0.65,0,false,2026-01-04,
Main,Pokemon,Mega Evolution,Mega Signal,171/132,Ultra Rare,Holofoil,Ungraded,Near Mint,0.0000,2,1.17,0,false,2026-01-04,; 
Main,Pokemon,Mega Evolution,Mega Venusaur ex,155/132,Ultra Rare,Holofoil,Ungraded,Near Mint,0,1,11.56,0,false,2026-01-04,
Main,Pokemon,Mega Evolution,Mega Venusaur ex,155/132,Ultra Rare,Holofoil,BGS 8.5 NM-MT+,Near Mint,0.0000,1,13.32,0,false,2026-03-13,
Main,Pokemon,Mega Evolution,Ralts,058/132,Common,Normal,Ungraded,Near Mint,0.0000,1,0.18,0,false,2026-01-04,
Main,Pokemon,Mega Evolution,Riolu,076/132,Common,Normal,Ungraded,Near Mint,0.0000,1,0.19,0,false,2026-01-04,
Main,Pokemon,Mega Evolution,Shroodle,149/132,Illustration Rare,Holofoil,Ungraded,Near Mint,0.0000,1,2.17,0,false,2026-01-04,
Main,Pokemon,Mega Evolution,Shuckle,136/132,Illustration Rare,Holofoil,Ungraded,Near Mint,0.0000,1,7.44,0,false,2026-01-04,
Main,Pokemon,Mega Evolution,Spearow,151/132,Illustration Rare,Holofoil,Ungraded,Near Mint,0.0000,2,4.96,0,false,2026-01-04,
Main,Pokemon,Mega Evolution Promos,Alakazam,009,Promo,Holofoil,BGS 8.5 NM-MT+,Near Mint,0.0000,1,0,0,false,2026-03-13,
Main,Pokemon,Mega Evolution Promos,Alakazam,009,Promo,Holofoil,BGS 9.5 Gem Mint,Near Mint,0.0000,1,35,0,false,2026-03-13,
Main,Pokemon,Mega Evolution Promos,Alakazam,009,Promo,Holofoil,Ungraded,Near Mint,0,3,9.79,0,false,2026-01-04,
Main,Pokemon,Mega Evolution Promos,Bulbasaur (Mega Evolution Stamped),133/132,Illustration Rare,Holofoil,BGS 9.5 Gem Mint,Near Mint,0.0000,2,169.07,0,false,2026-03-13,; 
Main,Pokemon,Mega Evolution Promos,Bulbasaur (Mega Evolution Stamped),133/132,Illustration Rare,Holofoil,Ungraded,Near Mint,0,2,19.08,0,false,2026-01-04,
Main,Pokemon,Mega Evolution Promos,Drifblim,006,Promo,Holofoil,Ungraded,Near Mint,0.0000,2,1.85,0,false,2026-01-05,; 
Main,Pokemon,Mega Evolution Promos,Drifloon,005,Promo,Holofoil,Ungraded,Near Mint,0.0000,2,3.15,0,false,2026-01-05,; 
Main,Pokemon,Mega Evolution Promos,Mega Charizard X ex,023,Promo,Holofoil,BGS 10.0 Pristine,Near Mint,0.0000,1,470.98,0,false,2026-03-13,
Main,Pokemon,Mega Evolution Promos,Mega Charizard X ex,023,Promo,Holofoil,Ungraded,Near Mint,0.0000,3,34.92,0,false,2026-01-04,; 
Main,Pokemon,Mega Evolution Promos,Mega Charizard X ex,023,Promo,Holofoil,BGS 9.0 Mint,Near Mint,0.0000,1,51.74,0,false,2026-03-13,
Main,Pokemon,Mega Evolution Promos,Mega Charizard X ex,023,Promo,Holofoil,CGC 10.0 Gem Mint,Near Mint,0,1,78.27,0,false,2026-01-04,
Main,Pokemon,Mega Evolution Promos,Mega Charizard X ex,023,Promo,Holofoil,BGS 9.5 Gem Mint,Near Mint,0,1,119.52,0,false,2026-02-17,
Main,Pokemon,Mega Evolution Promos,Mega Lucario ex,012,Promo,Holofoil,Ungraded,Near Mint,0.0000,3,1.5,0,false,2026-01-04,
Main,Pokemon,Mega Evolution Promos,Oricorio ex,024,Promo,Holofoil,Ungraded,Near Mint,0.0000,3,11.34,0,false,2026-01-04,
Main,Pokemon,Mega Evolution Promos,Oricorio ex,024,Promo,Holofoil,TAG 10.0 GEM MINT,Near Mint,0,1,95.71,0,false,2026-01-04,
Main,Pokemon,Mega Evolution Promos,Oricorio ex,024,Promo,Holofoil,BGS 9.0 Mint,Near Mint,0.0000,1,24.08,0,false,2026-03-13,
Main,Pokemon,Mega Evolution Promos,Oricorio ex,024,Promo,Holofoil,BGS 9.5 Gem Mint,Near Mint,0.0000,1,55.7,0,false,2026-03-13,
Main,Pokemon,Mega Evolution Promos,Riolu,010,Promo,Holofoil,Ungraded,Near Mint,0.0000,1,9.44,0,false,2026-01-04,
Main,Pokemon,Mega Evolution Promos,Riolu,010,Promo,Holofoil,PSA 9.0 MINT,Near Mint,0.0000,1,25.84,0,false,2026-01-26,
Main,Pokemon,Mega Symphonia,Houndstone,073/063,Art Rare,Holofoil,CGC 10.0 Pristine,Near Mint,0,1,0,0,false,2026-01-04,
Main,Pokemon,Miscellaneous Cards & Products,Kirlia (Cosmos Holo),059/132,Common,Holofoil,Ungraded,Near Mint,0.0000,1,0.41,0,false,2026-01-04,
Main,Pokemon,Miscellaneous Cards & Products,Vanillish (Holiday Calendar),190/182,Illustration Rare,Holofoil,Ungraded,Near Mint,0.0000,1,4.98,0,false,2026-01-04,
Main,Pokemon,Obsidian Flames,Charizard ex,223/197,Special Illustration Rare,Holofoil,BGS 8.5 NM-MT+,Near Mint,0.0000,1,100,0,false,2026-03-13,
Main,Pokemon,Obsidian Flames,Charizard ex,223/197,Special Illustration Rare,Holofoil,Ungraded,Near Mint,0,1,110.54,0,false,2026-01-04,
Main,Pokemon,Obsidian Flames,Charizard ex,228/197,Hyper Rare,Holofoil,Ungraded,Near Mint,0.0000,2,36.65,0,false,2026-01-04,; 
Main,Pokemon,Obsidian Flames,Gloom,198/197,Illustration Rare,Holofoil,Ungraded,Near Mint,0.0000,1,22.79,0,false,2026-01-04,
Main,Pokemon,Paldea Evolved,Chien-Pao ex,274/193,Hyper Rare,Holofoil,Ungraded,Near Mint,0.0000,1,6.83,0,false,2026-01-04,
Main,Pokemon,Paldea Evolved,Wo-Chien ex,257/193,Special Illustration Rare,Holofoil,Ungraded,Near Mint,0.0000,1,19.25,0,false,2026-01-04,
Main,Pokemon,Paldean Fates,Dondozo,126/091,Shiny Rare,Holofoil,Ungraded,Near Mint,0.0000,1,3.41,0,false,2026-01-04,
Main,Pokemon,Paldean Fates,Gardevoir ex,029/091,Double Rare,Holofoil,Ungraded,Near Mint,0.0000,1,0.8,0,false,2026-01-04,
Main,Pokemon,Paldean Fates,Nemona,229/091,Ultra Rare,Holofoil,Ungraded,Near Mint,0.0000,1,0.91,0,false,2026-01-04,
Main,Pokemon,Paldean Fates,Palafin,225/091,Illustration Rare,Holofoil,Ungraded,Near Mint,0.0000,1,2.16,0,false,2026-01-04,
Main,Pokemon,Paldean Fates,Paldean Student,231/091,Ultra Rare,Holofoil,Ungraded,Near Mint,0.0000,1,0.64,0,false,2026-01-04,
Main,Pokemon,Paldean Fates,Pawmi,226/091,Illustration Rare,Holofoil,Ungraded,Near Mint,0.0000,3,3.2,0,false,2026-01-04,
Main,Pokemon,Paradox Rift,Armarouge ex,027/182,Double Rare,Holofoil,Ungraded,Near Mint,0.0000,1,0.88,0,false,2026-01-04,
Main,Pokemon,Paradox Rift,Armarouge ex,218/182,Ultra Rare,Holofoil,Ungraded,Near Mint,0.0000,1,2.38,0,false,2026-01-04,
Main,Pokemon,Paradox Rift,Brute Bonnet,123/182,Rare,Reverse Holofoil,Ungraded,Near Mint,0.0000,1,0.3,0,false,2026-01-05,
Main,Pokemon,Paradox Rift,Joltik,196/182,Illustration Rare,Holofoil,Ungraded,Near Mint,0.0000,1,27.32,0,false,2026-01-04,
Main,Pokemon,Perfect Order,Perfect Order Booster Box,,,Normal,Ungraded,Near Mint,0,1,171.13,0,false,2026-08-26,
Main,Pokemon,Perfect Order,Perfect Order Pokemon Center Elite Trainer Box,,,Normal,Ungraded,Near Mint,0,1,121.73,0,false,2026-08-26,
Main,Pokemon,Phantasmal Flames,Absol,063/094,Common,Reverse Holofoil,Ungraded,Near Mint,0,1,0.26,0,false,2026-01-06,
Main,Pokemon,Phantasmal Flames,Absol,063/094,Common,Normal,Ungraded,Near Mint,0,1,0.14,0,false,2026-01-06,
Main,Pokemon,Phantasmal Flames,Aipom,078/094,Common,Reverse Holofoil,Ungraded,Near Mint,0,1,0.25,0,false,2026-01-06,
Main,Pokemon,Phantasmal Flames,Aipom,078/094,Common,Normal,Ungraded,Near Mint,0,1,0.09,0,false,2026-01-06,
Main,Pokemon,Phantasmal Flames,Alcremie,044/094,Uncommon,Reverse Holofoil,Ungraded,Near Mint,0,1,0.18,0,false,2026-01-06,
Main,Pokemon,Phantasmal Flames,Alcremie,044/094,Uncommon,Normal,Ungraded,Near Mint,0,1,0.11,0,false,2026-01-06,
Main,Pokemon,Phantasmal Flames,Ambipom,079/094,Rare,Reverse Holofoil,Ungraded,Near Mint,0,1,0.23,0,false,2026-01-06,
Main,Pokemon,Phantasmal Flames,Ambipom,107/094,Illustration Rare,Holofoil,Ungraded,Near Mint,0.0000,3,2.32,0,false,2026-01-04,; ; 
Main,Pokemon,Phantasmal Flames,Archaludon,075/094,Uncommon,Normal,Ungraded,Near Mint,0,1,0.07,0,false,2026-01-06,
Main,Pokemon,Phantasmal Flames,Archaludon,075/094,Uncommon,Reverse Holofoil,Ungraded,Near Mint,0,1,0.19,0,false,2026-01-06,
Main,Pokemon,Phantasmal Flames,Battle Cage,116/094,Ultra Rare,Holofoil,Ungraded,Near Mint,0.0000,4,1.32,0,false,2026-01-04,; ; ; 
Main,Pokemon,Phantasmal Flames,Battle Cage,085/094,Uncommon,Normal,Ungraded,Near Mint,0,1,0.23,0,false,2026-01-06,
Main,Pokemon,Phantasmal Flames,Battle Cage,085/094,Uncommon,Reverse Holofoil,Ungraded,Near Mint,0,1,0.28,0,false,2026-01-06,
Main,Pokemon,Phantasmal Flames,Blowtorch,086/094,Uncommon,Normal,Ungraded,Near Mint,0,1,0.11,0,false,2026-01-06,
Main,Pokemon,Phantasmal Flames,Blowtorch,086/094,Uncommon,Reverse Holofoil,Ungraded,Near Mint,0,1,0.18,0,false,2026-01-06,
Main,Pokemon,Phantasmal Flames,Blowtorch,117/094,Ultra Rare,Holofoil,Ungraded,Near Mint,0.0000,1,0.69,0,false,2026-01-04,
Main,Pokemon,Phantasmal Flames,Boltund,031/094,Common,Normal,Ungraded,Near Mint,0,1,0.08,0,false,2026-01-06,
Main,Pokemon,Phantasmal Flames,Boltund,031/094,Common,Reverse Holofoil,Ungraded,Near Mint,0,1,0.2,0,false,2026-01-06,
Main,Pokemon,Phantasmal Flames,Brambleghast,047/094,Uncommon,Reverse Holofoil,Ungraded,Near Mint,0,1,0.23,0,false,2026-01-06,
Main,Pokemon,Phantasmal Flames,Brambleghast,047/094,Uncommon,Normal,Ungraded,Near Mint,0,1,0.03,0,false,2026-01-06,
Main,Pokemon,Phantasmal Flames,Bramblin,046/094,Common,Reverse Holofoil,Ungraded,Near Mint,0,1,0.16,0,false,2026-01-06,
Main,Pokemon,Phantasmal Flames,Bramblin,046/094,Common,Normal,Ungraded,Near Mint,0,1,0.08,0,false,2026-01-06,
Main,Pokemon,Phantasmal Flames,Bronzong,072/094,Uncommon,Reverse Holofoil,Ungraded,Near Mint,0,1,0.12,0,false,2026-01-06,
Main,Pokemon,Phantasmal Flames,Bronzong,072/094,Uncommon,Normal,Ungraded,Near Mint,0,1,0.04,0,false,2026-01-06,
Main,Pokemon,Phantasmal Flames,Bronzor,071/094,Common,Normal,Ungraded,Near Mint,0,1,0.05,0,false,2026-01-06,
Main,Pokemon,Phantasmal Flames,Bronzor,071/094,Common,Reverse Holofoil,Ungraded,Near Mint,0,1,0.17,0,false,2026-01-06,
Main,Pokemon,Phantasmal Flames,Buneary,083/094,Common,Normal,Ungraded,Near Mint,0,1,0.17,0,false,2026-01-06,
Main,Pokemon,Phantasmal Flames,Buneary,083/094,Common,Reverse Holofoil,Ungraded,Near Mint,0,1,0.23,0,false,2026-01-06,
Main,Pokemon,Phantasmal Flames,Carvanha,060/094,Common,Normal,Ungraded,Near Mint,0,1,0.19,0,false,2026-01-06,
Main,Pokemon,Phantasmal Flames,Carvanha,060/094,Common,Reverse Holofoil,Ungraded,Near Mint,0,1,0.28,0,false,2026-01-06,
Main,Pokemon,Phantasmal Flames,Ceruledge,020/094,Uncommon,Reverse Holofoil,Ungraded,Near Mint,0,1,0.25,0,false,2026-01-06,
Main,Pokemon,Phantasmal Flames,Ceruledge,020/094,Uncommon,Normal,Ungraded,Near Mint,0,1,0.11,0,false,2026-01-06,
Main,Pokemon,Phantasmal Flames,Charcadet,019/094,Common,Normal,Ungraded,Near Mint,0,1,0.16,0,false,2026-01-06,
Main,Pokemon,Phantasmal Flames,Charcadet,019/094,Common,Reverse Holofoil,Ungraded,Near Mint,0,1,0.2,0,false,2026-01-06,
Main,Pokemon,Phantasmal Flames,Charmander,011/094,Common,Normal,Ungraded,Near Mint,0,1,0.22,0,false,2026-01-06,
Main,Pokemon,Phantasmal Flames,Charmander,011/094,Common,Reverse Holofoil,Ungraded,Near Mint,0,1,0.27,0,false,2026-01-06,
Main,Pokemon,Phantasmal Flames,Charmeleon,012/094,Common,Reverse Holofoil,Ungraded,Near Mint,0,1,0.26,0,false,2026-01-06,
Main,Pokemon,Phantasmal Flames,Charmeleon,012/094,Common,Normal,Ungraded,Near Mint,0,1,0.2,0,false,2026-01-06,
Main,Pokemon,Phantasmal Flames,Cresselia,039/094,Uncommon,Normal,Ungraded,Near Mint,0,1,0.07,0,false,2026-01-06,
Main,Pokemon,Phantasmal Flames,Cresselia,039/094,Uncommon,Reverse Holofoil,Ungraded,Near Mint,0,1,0.24,0,false,2026-01-06,
Main,Pokemon,Phantasmal Flames,Darmanitan,016/094,Uncommon,Normal,Ungraded,Near Mint,0,1,0.03,0,false,2026-01-06,
Main,Pokemon,Phantasmal Flames,Darmanitan,016/094,Uncommon,Reverse Holofoil,Ungraded,Near Mint,0,1,0.19,0,false,2026-01-06,
Main,Pokemon,Phantasmal Flames,Darumaka,015/094,Common,Normal,Ungraded,Near Mint,0,1,0.07,0,false,2026-01-06,
Main,Pokemon,Phantasmal Flames,Darumaka,015/094,Common,Reverse Holofoil,Ungraded,Near Mint,0,1,0.22,0,false,2026-01-06,
Main,Pokemon,Phantasmal Flames,Dawn,118/094,Ultra Rare,Holofoil,Ungraded,Near Mint,0.0000,1,5.7,0,false,2026-01-04,
Main,Pokemon,Phantasmal Flames,Dawn,087/094,Uncommon,Normal,Ungraded,Near Mint,0,1,0.17,0,false,2026-01-06,
Main,Pokemon,Phantasmal Flames,Dawn,129/094,Special Illustration Rare,Holofoil,Ungraded,Near Mint,0,1,21.42,0,false,2026-01-04,
Main,Pokemon,Phantasmal Flames,Dawn,087/094,Uncommon,Reverse Holofoil,Ungraded,Near Mint,0,1,0.35,0,false,2026-01-06,
Main,Pokemon,Phantasmal Flames,Dawn,129/094,Special Illustration Rare,Holofoil,BGS 9.5 Gem Mint,Near Mint,0.0000,1,39.32,0,false,2026-03-13,
Main,Pokemon,Phantasmal Flames,Dewgong,097/094,Illustration Rare,Holofoil,Ungraded,Near Mint,0.0000,3,4.55,0,false,2026-01-04,; 
Main,Pokemon,Phantasmal Flames,Dewgong,022/094,Common,Reverse Holofoil,Ungraded,Near Mint,0,1,0.2,0,false,2026-01-06,
Main,Pokemon,Phantasmal Flames,Dewgong,022/094,Common,Normal,Ungraded,Near Mint,0,1,0.05,0,false,2026-01-06,
Main,Pokemon,Phantasmal Flames,Dizzying Valley,088/094,Uncommon,Normal,Ungraded,Near Mint,0,1,0.13,0,false,2026-01-06,
Main,Pokemon,Phantasmal Flames,Dizzying Valley,088/094,Uncommon,Reverse Holofoil,Ungraded,Near Mint,0,1,0.19,0,false,2026-01-06,
Main,Pokemon,Phantasmal Flames,Duraludon,074/094,Common,Reverse Holofoil,Ungraded,Near Mint,0,1,0.24,0,false,2026-01-06,
Main,Pokemon,Phantasmal Flames,Duraludon,074/094,Common,Normal,Ungraded,Near Mint,0,1,0.18,0,false,2026-01-06,
Main,Pokemon,Phantasmal Flames,Empoleon ex,070/094,Double Rare,Holofoil,Ungraded,Near Mint,0.0000,6,0.58,0,false,2026-01-04,; 
Main,Pokemon,Phantasmal Flames,Empoleon ex,114/094,Ultra Rare,Holofoil,Ungraded,Near Mint,0.0000,1,1.49,0,false,2026-01-04,
Main,Pokemon,Phantasmal Flames,Eternatus,069/094,Uncommon,Normal,Ungraded,Near Mint,0,1,0.12,0,false,2026-01-06,
Main,Pokemon,Phantasmal Flames,Eternatus,069/094,Uncommon,Reverse Holofoil,Ungraded,Near Mint,0,1,0.26,0,false,2026-01-06,
Main,Pokemon,Phantasmal Flames,Firebreather,089/094,Uncommon,Reverse Holofoil,Ungraded,Near Mint,0,1,0.25,0,false,2026-01-06,
Main,Pokemon,Phantasmal Flames,Firebreather,089/094,Uncommon,Normal,Ungraded,Near Mint,0,1,0.18,0,false,2026-01-06,
Main,Pokemon,Phantasmal Flames,Firebreather,119/094,Ultra Rare,Holofoil,Ungraded,Near Mint,0.0000,1,0.86,0,false,2026-01-04,
Main,Pokemon,Phantasmal Flames,Flygon,053/094,Rare,Holofoil,Ungraded,Near Mint,0,1,0.15,0,false,2026-01-06,
Main,Pokemon,Phantasmal Flames,Flygon,053/094,Rare,Reverse Holofoil,Ungraded,Near Mint,0,1,0.27,0,false,2026-01-06,
Main,Pokemon,Phantasmal Flames,Flygon,101/094,Illustration Rare,Holofoil,Ungraded,Near Mint,0.0000,4,5.8,0,false,2026-01-04,; ; 
Main,Pokemon,Phantasmal Flames,Gastly,054/094,Common,Normal,Ungraded,Near Mint,0,1,0.13,0,false,2026-01-06,
Main,Pokemon,Phantasmal Flames,Gastly,054/094,Common,Reverse Holofoil,Ungraded,Near Mint,0,1,0.2,0,false,2026-01-06,
Main,Pokemon,Phantasmal Flames,Genesect,008/094,Rare,Holofoil,Ungraded,Near Mint,0,1,0.19,0,false,2026-01-06,
Main,Pokemon,Phantasmal Flames,Genesect,008/094,Rare,Reverse Holofoil,Ungraded,Near Mint,0,1,0.19,0,false,2026-01-06,
Main,Pokemon,Phantasmal Flames,Gligar,049/094,Common,Normal,Ungraded,Near Mint,0,1,0.06,0,false,2026-01-06,
Main,Pokemon,Phantasmal Flames,Gligar,049/094,Common,Reverse Holofoil,Ungraded,Near Mint,0,1,0.17,0,false,2026-01-06,
Main,Pokemon,Phantasmal Flames,Gliscor,050/094,Uncommon,Reverse Holofoil,Ungraded,Near Mint,0,1,0.24,0,false,2026-01-06,
Main,Pokemon,Phantasmal Flames,Gliscor,050/094,Uncommon,Normal,Ungraded,Near Mint,0,1,0.07,0,false,2026-01-06,
Main,Pokemon,Phantasmal Flames,Gloom,002/094,Common,Reverse Holofoil,Ungraded,Near Mint,0,1,0.21,0,false,2026-01-06,
Main,Pokemon,Phantasmal Flames,Gloom,002/094,Common,Normal,Ungraded,Near Mint,0,1,0.13,0,false,2026-01-06,
Main,Pokemon,Phantasmal Flames,Granbull,038/094,Uncommon,Reverse Holofoil,Ungraded,Near Mint,0,1,0.21,0,false,2026-01-06,
Main,Pokemon,Phantasmal Flames,Granbull,038/094,Uncommon,Normal,Ungraded,Near Mint,0,1,0.07,0,false,2026-01-06,
Main,Pokemon,Phantasmal Flames,Grimsley's Move,090/094,Uncommon,Normal,Ungraded,Near Mint,0,1,0.13,0,false,2026-01-06,
Main,Pokemon,Phantasmal Flames,Grimsley's Move,090/094,Uncommon,Reverse Holofoil,Ungraded,Near Mint,0,1,0.25,0,false,2026-01-06,
Main,Pokemon,Phantasmal Flames,Grimsley's Move,120/094,Ultra Rare,Holofoil,Ungraded,Near Mint,0.0000,1,1.24,0,false,2026-01-04,
Main,Pokemon,Phantasmal Flames,Haunter,055/094,Uncommon,Reverse Holofoil,Ungraded,Near Mint,0,1,0.19,0,false,2026-01-06,
Main,Pokemon,Phantasmal Flames,Haunter,055/094,Uncommon,Normal,Ungraded,Near Mint,0,1,0.15,0,false,2026-01-06,
Main,Pokemon,Phantasmal Flames,Honchkrow,058/094,Uncommon,Reverse Holofoil,Ungraded,Near Mint,0,1,0.2,0,false,2026-01-06,
Main,Pokemon,Phantasmal Flames,Honchkrow,058/094,Uncommon,Normal,Ungraded,Near Mint,0,1,0.07,0,false,2026-01-06,
Main,Pokemon,Phantasmal Flames,Ignition Energy,124/094,Ultra Rare,Holofoil,Ungraded,Near Mint,0.0000,2,1.55,0,false,2026-01-04,; 
Main,Pokemon,Phantasmal Flames,Jigglypuff,076/094,Common,Reverse Holofoil,Ungraded,Near Mint,0,1,0.24,0,false,2026-01-06,
Main,Pokemon,Phantasmal Flames,Jigglypuff,076/094,Common,Normal,Ungraded,Near Mint,0,1,0.19,0,false,2026-01-06,
Main,Pokemon,Phantasmal Flames,Jumbo Ice Cream,091/094,Uncommon,Normal,Ungraded,Near Mint,0,1,0.18,0,false,2026-01-06,
Main,Pokemon,Phantasmal Flames,Jumbo Ice Cream,091/094,Uncommon,Reverse Holofoil,Ungraded,Near Mint,0,1,0.27,0,false,2026-01-06,
Main,Pokemon,Phantasmal Flames,Krokorok,065/094,Common,Normal,Ungraded,Near Mint,0,1,0.1,0,false,2026-01-06,
Main,Pokemon,Phantasmal Flames,Krokorok,065/094,Common,Reverse Holofoil,Ungraded,Near Mint,0,1,0.2,0,false,2026-01-06,
Main,Pokemon,Phantasmal Flames,Krookodile,066/094,Uncommon,Reverse Holofoil,Ungraded,Near Mint,0,1,0.17,0,false,2026-01-06,
Main,Pokemon,Phantasmal Flames,Krookodile,066/094,Uncommon,Normal,Ungraded,Near Mint,0,1,0.11,0,false,2026-01-06,
Main,Pokemon,Phantasmal Flames,Linoone,082/094,Uncommon,Reverse Holofoil,Ungraded,Near Mint,0,1,0.22,0,false,2026-01-06,
Main,Pokemon,Phantasmal Flames,Linoone,082/094,Uncommon,Normal,Ungraded,Near Mint,0,1,0.06,0,false,2026-01-06,
Main,Pokemon,Phantasmal Flames,Lokix,010/094,Uncommon,Normal,Ungraded,Near Mint,0,1,0.07,0,false,2026-01-06,
Main,Pokemon,Phantasmal Flames,Lokix,010/094,Uncommon,Reverse Holofoil,Ungraded,Near Mint,0,1,0.21,0,false,2026-01-06,
Main,Pokemon,Phantasmal Flames,Lombre,006/094,Common,Reverse Holofoil,Ungraded,Near Mint,0,1,0.17,0,false,2026-01-06,
Main,Pokemon,Phantasmal Flames,Lombre,006/094,Common,Normal,Ungraded,Near Mint,0,1,0.08,0,false,2026-01-06,
Main,Pokemon,Phantasmal Flames,Lotad,005/094,Common,Reverse Holofoil,Ungraded,Near Mint,0,1,0.22,0,false,2026-01-06,
Main,Pokemon,Phantasmal Flames,Lotad,005/094,Common,Normal,Ungraded,Near Mint,0,1,0.07,0,false,2026-01-06,
Main,Pokemon,Phantasmal Flames,Ludicolo,007/094,Uncommon,Normal,Ungraded,Near Mint,0,1,0.06,0,false,2026-01-06,
Main,Pokemon,Phantasmal Flames,Ludicolo,095/094,Illustration Rare,Holofoil,Ungraded,Near Mint,0.0000,2,2.52,0,false,2026-01-04,; 
Main,Pokemon,Phantasmal Flames,Ludicolo,007/094,Uncommon,Reverse Holofoil,Ungraded,Near Mint,0,1,0.18,0,false,2026-01-06,
Main,Pokemon,Phantasmal Flames,Mamoswine,025/094,Uncommon,Normal,Ungraded,Near Mint,0,1,0.13,0,false,2026-01-06,
Main,Pokemon,Phantasmal Flames,Mamoswine,025/094,Uncommon,Reverse Holofoil,Ungraded,Near Mint,0,1,0.21,0,false,2026-01-06,
Main,Pokemon,Phantasmal Flames,Mega Charizard X ex,109/094,Ultra Rare,Holofoil,Ungraded,Near Mint,0.0000,3,25.7,0,false,2026-01-04,; 
Main,Pokemon,Phantasmal Flames,Mega Charizard X ex,013/094,Double Rare,Holofoil,BGS 9.5 Gem Mint,Near Mint,0.0000,1,32.48,0,false,2026-03-13,
Main,Pokemon,Phantasmal Flames,Mega Charizard X ex,125/094,Special Illustration Rare,Holofoil,BGS 9.0 Mint,Near Mint,0,1,779.45,0,false,2026-03-13,
Main,Pokemon,Phantasmal Flames,Mega Charizard X ex,109/094,Ultra Rare,Holofoil,BGS 9.5 Gem Mint,Near Mint,0.0000,2,108.03,0,false,2026-02-17,
Main,Pokemon,Phantasmal Flames,Mega Charizard X ex,125/094,Special Illustration Rare,Holofoil,BGS 9.5 Gem Mint,Near Mint,0,4,"1,301.47",0,false,2026-02-17,
Main,Pokemon,Phantasmal Flames,Mega Charizard X ex,130/094,Mega Hyper Rare,Holofoil,Ungraded,Near Mint,0.0000,1,286.52,0,false,2026-01-04,
Main,Pokemon,Phantasmal Flames,Mega Charizard X ex,013/094,Double Rare,Holofoil,Ungraded,Near Mint,0,10,4.94,0,false,2026-01-06,
Main,Pokemon,Phantasmal Flames,Mega Charizard X ex,125/094,Special Illustration Rare,Holofoil,Ungraded,Near Mint,0.0000,1,700.15,0,false,2026-01-04,
Main,Pokemon,Phantasmal Flames,Mega Charizard X ex,130/094,Mega Hyper Rare,Holofoil,BGS 9.0 Mint,Near Mint,0,2,329.69,0,false,2026-02-17,
Main,Pokemon,Phantasmal Flames,Mega Diancie ex,041/094,Double Rare,Holofoil,Ungraded,Near Mint,0.0000,6,0.79,0,false,2026-01-04,
Main,Pokemon,Phantasmal Flames,Mega Gengar ex,056/094,Double Rare,Holofoil,Ungraded,Near Mint,0.0000,4,2.59,0,false,2026-01-04,; ; ; 
Main,Pokemon,Phantasmal Flames,Mega Heracross ex,108/094,Ultra Rare,Holofoil,Ungraded,Near Mint,0.0000,1,2.08,0,false,2026-01-04,
Main,Pokemon,Phantasmal Flames,Mega Heracross ex,004/094,Double Rare,Holofoil,Ungraded,Near Mint,0.0000,7,0.81,0,false,2026-01-04,; ; ; ; 
Main,Pokemon,Phantasmal Flames,Mega Lopunny ex,128/094,Special Illustration Rare,Holofoil,BGS 9.0 Mint,Near Mint,0.0000,1,25,0,false,2026-03-13,
Main,Pokemon,Phantasmal Flames,Mega Lopunny ex,084/094,Double Rare,Holofoil,Ungraded,Near Mint,0.0000,4,0.7,0,false,2026-01-04,; ; 
Main,Pokemon,Phantasmal Flames,Mega Lopunny ex,128/094,Special Illustration Rare,Holofoil,BGS 9.5 Gem Mint,Near Mint,0.0000,1,22.67,0,false,2026-03-13,
Main,Pokemon,Phantasmal Flames,Mega Lopunny ex,128/094,Special Illustration Rare,Holofoil,TAG 9.0 MINT,Near Mint,0,1,25,0,false,2026-01-05,
Main,Pokemon,Phantasmal Flames,Mega Lopunny ex,115/094,Ultra Rare,Holofoil,Ungraded,Near Mint,0.0000,1,1.88,0,false,2026-01-05,
Main,Pokemon,Phantasmal Flames,Mega Lopunny ex,128/094,Special Illustration Rare,Holofoil,Ungraded,Near Mint,0.0000,3,14.14,0,false,2026-01-04,
Main,Pokemon,Phantasmal Flames,Mega Sharpedo ex,127/094,Special Illustration Rare,Holofoil,BGS 10.0 Pristine,Near Mint,0.0000,1,176.17,0,false,2026-03-13,
Main,Pokemon,Phantasmal Flames,Mega Sharpedo ex,061/094,Double Rare,Holofoil,Ungraded,Near Mint,0.0000,7,0.89,0,false,2026-01-04,; ; 
Main,Pokemon,Phantasmal Flames,Mega Sharpedo ex,127/094,Special Illustration Rare,Holofoil,Ungraded,Near Mint,0.0000,2,19.49,0,false,2026-01-04,
Main,Pokemon,Phantasmal Flames,Mega Sharpedo ex,113/094,Ultra Rare,Holofoil,Ungraded,Near Mint,0.0000,1,2.14,0,false,2026-01-06,
Main,Pokemon,Phantasmal Flames,Meloetta,040/094,Uncommon,Reverse Holofoil,Ungraded,Near Mint,0,1,0.21,0,false,2026-01-06,
Main,Pokemon,Phantasmal Flames,Meloetta,040/094,Uncommon,Normal,Ungraded,Near Mint,0,1,0.09,0,false,2026-01-06,
Main,Pokemon,Phantasmal Flames,Meowth,106/094,Illustration Rare,Holofoil,Ungraded,Near Mint,0.0000,3,19.71,0,false,2026-01-04,; ; 
Main,Pokemon,Phantasmal Flames,Milcery,043/094,Common,Normal,Ungraded,Near Mint,0,1,0.09,0,false,2026-01-06,
Main,Pokemon,Phantasmal Flames,Milcery,043/094,Common,Reverse Holofoil,Ungraded,Near Mint,0,1,0.2,0,false,2026-01-06,
Main,Pokemon,Phantasmal Flames,Mimikyu,042/094,Common,Reverse Holofoil,Ungraded,Near Mint,0,1,0.35,0,false,2026-01-06,
Main,Pokemon,Phantasmal Flames,Mimikyu,042/094,Common,Normal,Ungraded,Near Mint,0,1,0.26,0,false,2026-01-06,
Main,Pokemon,Phantasmal Flames,Misdreavus,035/094,Common,Normal,Ungraded,Near Mint,0,1,0.13,0,false,2026-01-06,
Main,Pokemon,Phantasmal Flames,Misdreavus,035/094,Common,Reverse Holofoil,Ungraded,Near Mint,0,1,0.28,0,false,2026-01-06,
Main,Pokemon,Phantasmal Flames,Mismagius ex,036/094,Double Rare,Holofoil,Ungraded,Near Mint,0.0000,6,0.54,0,false,2026-01-04,; ; 
Main,Pokemon,Phantasmal Flames,Moltres,014/094,Holo Rare,Reverse Holofoil,Ungraded,Near Mint,0,1,0.27,0,false,2026-01-06,
Main,Pokemon,Phantasmal Flames,Moltres,014/094,Holo Rare,Holofoil,Ungraded,Near Mint,0,1,0.27,0,false,2026-01-06,
Main,Pokemon,Phantasmal Flames,Murkrow,057/094,Common,Reverse Holofoil,Ungraded,Near Mint,0,1,0.24,0,false,2026-01-06,
Main,Pokemon,Phantasmal Flames,Murkrow,057/094,Common,Normal,Ungraded,Near Mint,0,1,0.08,0,false,2026-01-06,
Main,Pokemon,Phantasmal Flames,Nymble,009/094,Common,Normal,Ungraded,Near Mint,0,1,0.1,0,false,2026-01-06,
Main,Pokemon,Phantasmal Flames,Nymble,009/094,Common,Reverse Holofoil,Ungraded,Near Mint,0,1,0.23,0,false,2026-01-06,
Main,Pokemon,Phantasmal Flames,Nymble,096/094,Illustration Rare,Holofoil,Ungraded,Near Mint,0.0000,2,1.61,0,false,2026-01-04,; 
Main,Pokemon,Phantasmal Flames,Oddish,001/094,Common,Reverse Holofoil,Ungraded,Near Mint,0,1,0.24,0,false,2026-01-06,
Main,Pokemon,Phantasmal Flames,Oddish,001/094,Common,Normal,Ungraded,Near Mint,0,1,0.16,0,false,2026-01-06,
Main,Pokemon,Phantasmal Flames,Oricorio ex,110/094,Ultra Rare,Holofoil,Ungraded,Near Mint,0.0000,1,1.33,0,false,2026-01-05,
Main,Pokemon,Phantasmal Flames,Oricorio ex,018/094,Double Rare,Holofoil,Ungraded,Near Mint,0.0000,10,0.7,0,false,2026-01-04,; ; 
Main,Pokemon,Phantasmal Flames,Paldean Tauros,048/094,Uncommon,Reverse Holofoil,Ungraded,Near Mint,0,1,0.18,0,false,2026-01-06,
Main,Pokemon,Phantasmal Flames,Paldean Tauros,048/094,Uncommon,Normal,Ungraded,Near Mint,0,1,0.12,0,false,2026-01-06,
Main,Pokemon,Phantasmal Flames,Paldean Wooper,102/094,Illustration Rare,Holofoil,Ungraded,Near Mint,0.0000,4,4.51,0,false,2026-01-04,; ; 
Main,Pokemon,Phantasmal Flames,Pawmi,032/094,Common,Reverse Holofoil,Ungraded,Near Mint,0,1,0.2,0,false,2026-01-06,
Main,Pokemon,Phantasmal Flames,Pawmi,032/094,Common,Normal,Ungraded,Near Mint,0,1,0.09,0,false,2026-01-06,
Main,Pokemon,Phantasmal Flames,Pawmo,033/094,Common,Normal,Ungraded,Near Mint,0,1,0.09,0,false,2026-01-06,
Main,Pokemon,Phantasmal Flames,Pawmo,033/094,Common,Reverse Holofoil,Ungraded,Near Mint,0,1,0.11,0,false,2026-01-06,
Main,Pokemon,Phantasmal Flames,Pawmot,034/094,Rare,Holofoil,Ungraded,Near Mint,0,1,0.16,0,false,2026-01-06,
Main,Pokemon,Phantasmal Flames,Pawmot,034/094,Rare,Reverse Holofoil,Ungraded,Near Mint,0,1,0.17,0,false,2026-01-06,
Main,Pokemon,Phantasmal Flames,Piloswine,024/094,Common,Reverse Holofoil,Ungraded,Near Mint,0,1,0.21,0,false,2026-01-06,
Main,Pokemon,Phantasmal Flames,Piloswine,024/094,Common,Normal,Ungraded,Near Mint,0,1,0.09,0,false,2026-01-06,
Main,Pokemon,Phantasmal Flames,Piplup,027/094,Common,Reverse Holofoil,Ungraded,Near Mint,0,1,0.28,0,false,2026-01-06,
Main,Pokemon,Phantasmal Flames,Piplup,098/094,Illustration Rare,Holofoil,Ungraded,Near Mint,0.0000,1,14.5,0,false,2026-01-04,
Main,Pokemon,Phantasmal Flames,Piplup,027/094,Common,Normal,Ungraded,Near Mint,0,1,0.2,0,false,2026-01-06,
Main,Pokemon,Phantasmal Flames,Prinplup,028/094,Common,Normal,Ungraded,Near Mint,0,1,0.16,0,false,2026-01-06,
Main,Pokemon,Phantasmal Flames,Prinplup,028/094,Common,Reverse Holofoil,Ungraded,Near Mint,0,1,0.2,0,false,2026-01-06,
Main,Pokemon,Phantasmal Flames,Punk Helmet,121/094,Ultra Rare,Holofoil,Ungraded,Near Mint,0.0000,1,0.62,0,false,2026-01-04,
Main,Pokemon,Phantasmal Flames,Punk Helmet,092/094,Uncommon,Reverse Holofoil,Ungraded,Near Mint,0,1,0.19,0,false,2026-01-06,
Main,Pokemon,Phantasmal Flames,Punk Helmet,092/094,Uncommon,Normal,Ungraded,Near Mint,0,1,0.12,0,false,2026-01-06,
Main,Pokemon,Phantasmal Flames,Reshiram,017/094,Rare,Holofoil,Ungraded,Near Mint,0,1,0.19,0,false,2026-01-06,
Main,Pokemon,Phantasmal Flames,Reshiram,017/094,Rare,Reverse Holofoil,Ungraded,Near Mint,0,1,0.22,0,false,2026-01-06,
Main,Pokemon,Phantasmal Flames,Rotom ex,029/094,Double Rare,Holofoil,Ungraded,Near Mint,0.0000,7,0.58,0,false,2026-01-04,; ; ; 
Main,Pokemon,Phantasmal Flames,Rotom ex,111/094,Ultra Rare,Holofoil,Ungraded,Near Mint,0.0000,1,1.19,0,false,2026-01-04,
Main,Pokemon,Phantasmal Flames,Sableye,059/094,Common,Reverse Holofoil,Ungraded,Near Mint,0,1,0.23,0,false,2026-01-06,
Main,Pokemon,Phantasmal Flames,Sableye,059/094,Common,Normal,Ungraded,Near Mint,0,1,0.12,0,false,2026-01-06,
Main,Pokemon,Phantasmal Flames,Sacred Charm,093/094,Uncommon,Normal,Ungraded,Near Mint,0,1,0.08,0,false,2026-01-06,
Main,Pokemon,Phantasmal Flames,Sacred Charm,093/094,Uncommon,Reverse Holofoil,Ungraded,Near Mint,0,1,0.17,0,false,2026-01-06,
Main,Pokemon,Phantasmal Flames,Sacred Charm,122/094,Ultra Rare,Holofoil,Ungraded,Near Mint,0.0000,1,0.54,0,false,2026-01-04,
Main,Pokemon,Phantasmal Flames,Sandile,064/094,Common,Reverse Holofoil,Ungraded,Near Mint,0,1,0.21,0,false,2026-01-06,
Main,Pokemon,Phantasmal Flames,Sandile,064/094,Common,Normal,Ungraded,Near Mint,0,1,0.05,0,false,2026-01-06,
Main,Pokemon,Phantasmal Flames,Seel,021/094,Common,Reverse Holofoil,Ungraded,Near Mint,0,1,0.19,0,false,2026-01-06,
Main,Pokemon,Phantasmal Flames,Seel,021/094,Common,Normal,Ungraded,Near Mint,0,1,0.03,0,false,2026-01-06,
Main,Pokemon,Phantasmal Flames,Seviper,062/094,Uncommon,Normal,Ungraded,Near Mint,0,1,0.12,0,false,2026-01-06,
Main,Pokemon,Phantasmal Flames,Seviper,062/094,Uncommon,Reverse Holofoil,Ungraded,Near Mint,0,1,0.2,0,false,2026-01-06,
Main,Pokemon,Phantasmal Flames,Smeargle,080/094,Common,Reverse Holofoil,Ungraded,Near Mint,0,1,0.19,0,false,2026-01-06,
Main,Pokemon,Phantasmal Flames,Snubbull,037/094,Common,Normal,Ungraded,Near Mint,0,1,0.09,0,false,2026-01-06,
Main,Pokemon,Phantasmal Flames,Snubbull,037/094,Common,Reverse Holofoil,Ungraded,Near Mint,0,1,0.21,0,false,2026-01-06,
Main,Pokemon,Phantasmal Flames,Suicune,026/094,Rare,Reverse Holofoil,Ungraded,Near Mint,0,1,0.2,0,false,2026-01-06,
Main,Pokemon,Phantasmal Flames,Suicune,026/094,Rare,Holofoil,Ungraded,Near Mint,0,1,0.15,0,false,2026-01-06,
Main,Pokemon,Phantasmal Flames,Swinub,023/094,Common,Normal,Ungraded,Near Mint,0,1,0.04,0,false,2026-01-06,
Main,Pokemon,Phantasmal Flames,Swinub,023/094,Common,Reverse Holofoil,Ungraded,Near Mint,0,1,0.24,0,false,2026-01-06,
Main,Pokemon,Phantasmal Flames,Switch,123/094,Ultra Rare,Holofoil,Ungraded,Near Mint,0.0000,2,1.24,0,false,2026-01-04,; 
Main,Pokemon,Phantasmal Flames,Togedemaru,073/094,Common,Normal,Ungraded,Near Mint,0,1,0.06,0,false,2026-01-06,
Main,Pokemon,Phantasmal Flames,Togedemaru,104/094,Illustration Rare,Holofoil,Ungraded,Near Mint,0.0000,1,2.69,0,false,2026-01-04,
Main,Pokemon,Phantasmal Flames,Togedemaru,073/094,Common,Reverse Holofoil,Ungraded,Near Mint,0,1,0.15,0,false,2026-01-06,
Main,Pokemon,Phantasmal Flames,Toxel,067/094,Common,Reverse Holofoil,Ungraded,Near Mint,0,1,0.27,0,false,2026-01-06,
Main,Pokemon,Phantasmal Flames,Toxel,067/094,Common,Normal,Ungraded,Near Mint,0,1,0.2,0,false,2026-01-06,
Main,Pokemon,Phantasmal Flames,Toxtricity,068/094,Rare,Reverse Holofoil,Ungraded,Near Mint,0,1,0.24,0,false,2026-01-06,
Main,Pokemon,Phantasmal Flames,Toxtricity,068/094,Rare,Holofoil,Ungraded,Near Mint,0,1,0.21,0,false,2026-01-06,
Main,Pokemon,Phantasmal Flames,Toxtricity,103/094,Illustration Rare,Holofoil,Ungraded,Near Mint,0.0000,1,2.27,0,false,2026-01-04,
Main,Pokemon,Phantasmal Flames,Trapinch,051/094,Common,Normal,Ungraded,Near Mint,0,1,0.11,0,false,2026-01-06,
Main,Pokemon,Phantasmal Flames,Trapinch,051/094,Common,Reverse Holofoil,Ungraded,Near Mint,0,1,0.24,0,false,2026-01-06,
Main,Pokemon,Phantasmal Flames,Vibrava,052/094,Common,Reverse Holofoil,Ungraded,Near Mint,0,1,0.27,0,false,2026-01-06,
Main,Pokemon,Phantasmal Flames,Vibrava,052/094,Common,Normal,Ungraded,Near Mint,0,1,0.11,0,false,2026-01-06,
Main,Pokemon,Phantasmal Flames,Vileplume,003/094,Rare,Reverse Holofoil,Ungraded,Near Mint,0,1,0.21,0,false,2026-01-06,
Main,Pokemon,Phantasmal Flames,Vileplume,003/094,Rare,Holofoil,Ungraded,Near Mint,0,1,0.18,0,false,2026-01-06,
Main,Pokemon,Phantasmal Flames,Wigglytuff,077/094,Uncommon,Normal,Ungraded,Near Mint,0,1,0.17,0,false,2026-01-06,
Main,Pokemon,Phantasmal Flames,Wigglytuff,077/094,Uncommon,Reverse Holofoil,Ungraded,Near Mint,0,1,0.21,0,false,2026-01-06,
Main,Pokemon,Phantasmal Flames,Wigglytuff,105/094,Illustration Rare,Holofoil,Ungraded,Near Mint,0.0000,3,6.63,0,false,2026-01-04,; ; 
Main,Pokemon,Phantasmal Flames,Wondrous Patch,094/094,Uncommon,Reverse Holofoil,Ungraded,Near Mint,0,1,0.26,0,false,2026-01-06,
Main,Pokemon,Phantasmal Flames,Wondrous Patch,094/094,Uncommon,Normal,Ungraded,Near Mint,0,1,0.22,0,false,2026-01-06,
Main,Pokemon,Phantasmal Flames,Yamper,030/094,Common,Reverse Holofoil,Ungraded,Near Mint,0,1,0.21,0,false,2026-01-06,
Main,Pokemon,Phantasmal Flames,Yamper,099/094,Illustration Rare,Holofoil,Ungraded,Near Mint,0.0000,2,4.34,0,false,2026-01-04,; 
Main,Pokemon,Phantasmal Flames,Yamper,030/094,Common,Normal,Ungraded,Near Mint,0,1,0.1,0,false,2026-01-06,
Main,Pokemon,Phantasmal Flames,Zacian,100/094,Illustration Rare,Holofoil,Ungraded,Near Mint,0.0000,3,5.04,0,false,2026-01-04,; ; 
Main,Pokemon,Phantasmal Flames,Zacian,045/094,Rare,Reverse Holofoil,Ungraded,Near Mint,0,1,0.25,0,false,2026-01-06,
Main,Pokemon,Phantasmal Flames,Zacian,045/094,Rare,Holofoil,Ungraded,Near Mint,0,1,0.14,0,false,2026-01-06,
Main,Pokemon,Phantasmal Flames,Zigzagoon,081/094,Common,Normal,Ungraded,Near Mint,0,1,0.12,0,false,2026-01-06,
Main,Pokemon,Phantasmal Flames,Zigzagoon,081/094,Common,Reverse Holofoil,Ungraded,Near Mint,0,1,0.22,0,false,2026-01-06,
Main,Pokemon,Pokemon 151,Hitmonlee (JP),106/165,Uncommon,Normal,PSA 10.0 GEM - MT,Near Mint,0.0000,1,26,0,false,2026-01-04,
Main,Pokemon,Pokemon Go,Dragonite V (Full Art),076/078,Ultra Rare,Holofoil,Ungraded,Near Mint,0.0000,1,15.87,0,false,2026-01-04,
Main,Pokemon,Prismatic Evolutions,Amarys,132/131,Ultra Rare,Holofoil,Ungraded,Near Mint,0.0000,1,0.58,0,false,2026-01-04,
Main,Pokemon,Prismatic Evolutions,Archaludon (Poke Ball Pattern),070/131,Rare,Holofoil,Ungraded,Near Mint,0.0000,1,0.27,0,false,2026-01-04,
Main,Pokemon,Prismatic Evolutions,Area Zero Underdepths (Poke Ball Pattern),094/131,Uncommon,Holofoil,Ungraded,Near Mint,0.0000,2,0.4,0,false,2026-01-04,
Main,Pokemon,Prismatic Evolutions,Atticus,134/131,Ultra Rare,Holofoil,Ungraded,Near Mint,0.0000,2,0.57,0,false,2026-01-04,
Main,Pokemon,Prismatic Evolutions,Cottonee,007/131,Common,Normal,Ungraded,Near Mint,0.0000,3,0.06,0,false,2026-01-04,
Main,Pokemon,Prismatic Evolutions,Crispin (Poke Ball Pattern),105/131,Uncommon,Holofoil,Ungraded,Near Mint,0.0000,1,0.48,0,false,2026-01-04,
Main,Pokemon,Prismatic Evolutions,Dragapult ex,073/131,Double Rare,Holofoil,Ungraded,Near Mint,0.0000,1,1.44,0,false,2026-01-04,
Main,Pokemon,Prismatic Evolutions,Dusknoir (Master Ball Pattern),037/131,Rare,Holofoil,Ungraded,Near Mint,0.0000,1,9.78,0,false,2026-01-04,
Main,Pokemon,Prismatic Evolutions,Earthen Vessel (Poke Ball Pattern),106/131,Uncommon,Holofoil,Ungraded,Near Mint,0.0000,1,0.42,0,false,2026-01-04,
Main,Pokemon,Prismatic Evolutions,Eevee,074/131,Common,Reverse Holofoil,Ungraded,Near Mint,0.0000,1,0.33,0,false,2026-01-04,
Main,Pokemon,Prismatic Evolutions,Eevee (Poke Ball Pattern),074/131,Common,Holofoil,Ungraded,Near Mint,0,1,1.53,0,false,2026-01-04,
Main,Pokemon,Prismatic Evolutions,Flareon (Poke Ball Pattern),013/131,Rare,Holofoil,Ungraded,Near Mint,0.0000,1,1.39,0,false,2026-01-04,
Main,Pokemon,Prismatic Evolutions,Iron Boulder (Poke Ball Pattern),046/131,Rare,Holofoil,Ungraded,Near Mint,0.0000,3,0.33,0,false,2026-01-04,
Main,Pokemon,Prismatic Evolutions,Iron Leaves ex,176/131,Hyper Rare,Holofoil,Ungraded,Near Mint,0,1,5.89,0,false,2026-01-04,
Main,Pokemon,Prismatic Evolutions,Jolteon,029/131,Rare,Holofoil,Ungraded,Near Mint,0.0000,1,0.36,0,false,2026-01-04,
Main,Pokemon,Prismatic Evolutions,Jolteon ex,030/131,Double Rare,Holofoil,Ungraded,Near Mint,0.0000,1,3.92,0,false,2026-01-04,
Main,Pokemon,Prismatic Evolutions,Leafeon,005/131,Rare,Holofoil,Ungraded,Near Mint,0.0000,1,0.37,0,false,2026-01-04,
Main,Pokemon,Prismatic Evolutions,Litleo (Poke Ball Pattern),015/131,Common,Holofoil,Ungraded,Near Mint,0.0000,1,0.34,0,false,2026-01-04,
Main,Pokemon,Prismatic Evolutions,Lucario ex,051/131,Double Rare,Holofoil,Ungraded,Near Mint,0.0000,1,0.83,0,false,2026-01-04,
Main,Pokemon,Prismatic Evolutions,Lugia ex,082/131,Double Rare,Holofoil,Ungraded,Near Mint,0.0000,1,1.36,0,false,2026-01-04,
Main,Pokemon,Prismatic Evolutions,Pikachu ex,179/131,Hyper Rare,Holofoil,BGS 8.5 NM-MT+,Near Mint,0.0000,1,47.51,0,false,2026-03-13,
Main,Pokemon,Prismatic Evolutions,Pikachu ex,028/131,Double Rare,Holofoil,Ungraded,Near Mint,0.0000,1,2.72,0,false,2026-01-04,
Main,Pokemon,Prismatic Evolutions,Pikachu ex,179/131,Hyper Rare,Holofoil,Ungraded,Near Mint,0,1,59.45,0,false,2026-01-04,
Main,Pokemon,Prismatic Evolutions,Pinsir (Master Ball Pattern),003/131,Common,Holofoil,Ungraded,Near Mint,0.0000,1,1.28,0,false,2026-01-04,
Main,Pokemon,Prismatic Evolutions,Riolu (Poke Ball Pattern),050/131,Common,Holofoil,Ungraded,Near Mint,0.0000,1,0.47,0,false,2026-01-04,
Main,Pokemon,Prismatic Evolutions,Scoop Up Cyclone,128/131,ACE SPEC Rare,Holofoil,Ungraded,Near Mint,0.0000,2,0.29,0,false,2026-01-04,
Main,Pokemon,Prismatic Evolutions,Sneasel (Poke Ball Pattern),061/131,Common,Holofoil,Ungraded,Near Mint,0.0000,2,0.31,0,false,2026-01-04,
Main,Pokemon,Prismatic Evolutions,Snorlax ex,076/131,Double Rare,Holofoil,Ungraded,Near Mint,0.0000,1,1.53,0,false,2026-01-04,
Main,Pokemon,Prismatic Evolutions,Sparkling Crystal,129/131,ACE SPEC Rare,Holofoil,Ungraded,Near Mint,0.0000,1,0.32,0,false,2026-01-04,
Main,Pokemon,Prismatic Evolutions,Teal Mask Ogerpon ex,012/131,Double Rare,Holofoil,Ungraded,Near Mint,0.0000,1,2.48,0,false,2026-01-04,
Main,Pokemon,Prismatic Evolutions,Treasure Tracker,131/131,ACE SPEC Rare,Holofoil,Ungraded,Near Mint,0.0000,1,0.31,0,false,2026-01-04,
Main,Pokemon,Prismatic Evolutions,Umbreon ex,060/131,Double Rare,Holofoil,Ungraded,Near Mint,0,1,9.12,0,false,2026-01-04,
Main,Pokemon,Prismatic Evolutions,Vaporeon ex,149/131,Special Illustration Rare,Holofoil,BGS 9.5 Gem Mint,Near Mint,0.0000,1,329.13,0,false,2026-03-13,
Main,Pokemon,Prismatic Evolutions,Vaporeon ex,149/131,Special Illustration Rare,Holofoil,Ungraded,Near Mint,0,2,296.19,0,false,2026-01-04,
Main,Pokemon,Prismatic Evolutions,Vaporeon ex,149/131,Special Illustration Rare,Holofoil,BGS 9.0 Mint,Near Mint,0.0000,1,265,0,false,2026-03-13,
Main,Pokemon,Raging Surf,Donphan (JP),025/062,Uncommon,Normal,Ungraded,Near Mint,0.0000,1,0.99,0,false,2026-01-04,
Main,Pokemon,Rebel Clash,Boss's Orders,154/192,Holo Rare,Reverse Holofoil,Ungraded,Near Mint,0.0000,1,3.3,0,false,2026-01-04,
Main,Pokemon,Scarlet & Violet Base Set,Lucario,114/198,Uncommon,Normal,Ungraded,Near Mint,0.0000,1,0.17,0,false,2026-01-04,
Main,Pokemon,Scarlet & Violet Base Set,Toedscool,201/198,Illustration Rare,Holofoil,Ungraded,Near Mint,0.0000,1,5.35,0,false,2026-01-04,
Main,Pokemon,Scarlet & Violet Promo,Charizard ex,056,Promo,Holofoil,Ungraded,Near Mint,0.0000,1,15.29,0,false,2026-01-04,
Main,Pokemon,Scarlet & Violet Promo,Eevee,173,Promo,Holofoil,Ungraded,Near Mint,0,1,12.88,0,false,2026-01-04,
Main,Pokemon,Scarlet & Violet Promo,Flareon (Cosmos Holo),167,Promo,Holofoil,Ungraded,Near Mint,0.0000,2,0.95,0,false,2026-01-05,; 
Main,Pokemon,Scarlet & Violet Promo,Jolteon - 169 (Cosmos Holo),169,Rare,Holofoil,Ungraded,Near Mint,0.0000,2,1.08,0,false,2026-01-05,; 
Main,Pokemon,Scarlet & Violet Promo,Magneton,159,Promo,Holofoil,Ungraded,Near Mint,0,1,7.82,0,false,2026-01-04,
Main,Pokemon,Scarlet & Violet Promo,Quagsire,156,Promo,Holofoil,Ungraded,Near Mint,0.0000,1,1.75,0,false,2026-01-04,
Main,Pokemon,Scarlet & Violet Promo,Roaring Moon ex,067,Promo,Holofoil,Ungraded,Near Mint,0.0000,1,0.88,0,false,2026-01-04,
Main,Pokemon,Scarlet & Violet Promo,Scraggy,186,Promo,Holofoil,Ungraded,Near Mint,0.0000,1,0.4,0,false,2026-01-05,
Main,Pokemon,Scarlet & Violet Promo,Teal Mask Ogerpon,123,Promo,Holofoil,Ungraded,Near Mint,0.0000,1,1.65,0,false,2026-01-04,
Main,Pokemon,Scarlet & Violet Promo,Vaporeon (Cosmos Holo),168,Promo,Holofoil,Ungraded,Near Mint,0.0000,2,1.01,0,false,2026-01-05,; 
Main,Pokemon,Scarlet & Violet Promo,Zarude - 199 (Cosmos Holo),199,Holo Rare,Holofoil,Ungraded,Near Mint,0.0000,1,0.32,0,false,2026-01-05,
Main,Pokemon,Shining Fates: Shiny Vault,Rillaboom V,SV105/SV122,Shiny Holo Rare,Holofoil,Ungraded,Near Mint,0.0000,1,1.26,0,false,2026-01-04,
Main,Pokemon,Shiny Treasure ex,Charizard ex (JP),115/190,Double Rare,Holofoil,Ungraded,Near Mint,0.0000,1,2.92,0,false,2026-01-04,
Main,Pokemon,Shrouded Fable,Bloodmoon Ursaluna,025/064,Rare,Reverse Holofoil,Ungraded,Near Mint,0.0000,1,0.18,0,false,2026-01-04,
Main,Pokemon,Shrouded Fable,Kingdra ex,012/064,Double Rare,Holofoil,Ungraded,Near Mint,0.0000,1,0.87,0,false,2026-01-04,
Main,Pokemon,Stellar Crown,Deluxe Bomb,134/142,ACE SPEC Rare,Holofoil,Ungraded,Near Mint,0.0000,1,0.36,0,false,2026-01-04,
Main,Pokemon,Stellar Crown,Galvantula ex,051/142,Double Rare,Holofoil,Ungraded,Near Mint,0.0000,1,0.96,0,false,2026-01-04,
Main,Pokemon,Stellar Crown,Galvantula ex,168/142,Special Illustration Rare,Holofoil,Ungraded,Near Mint,0.0000,1,18.1,0,false,2026-01-04,
Main,Pokemon,Stellar Crown,Greninja ex,041/142,Double Rare,Holofoil,Ungraded,Near Mint,0.0000,1,1.21,0,false,2026-01-04,
Main,Pokemon,Stellar Crown,Meditite,153/142,Illustration Rare,Holofoil,Ungraded,Near Mint,0.0000,1,7.98,0,false,2026-01-04,
Main,Pokemon,Stellar Crown,Melmetal ex,105/142,Double Rare,Holofoil,Ungraded,Near Mint,0.0000,1,0.74,0,false,2026-01-04,
Main,Pokemon,Stellar Miracle,Lapras ex (JP),117/102,Super Rare,Holofoil,Ungraded,Near Mint,0.0000,1,6.66,0,false,2026-01-04,
Main,Pokemon,Sun & Moon Base Set,Hypno,60,Uncommon,Normal,CGC 9.5 Mint+,Near Mint,0,1,0,0,false,2026-01-04,
Main,Pokemon,Sun & Moon Base Set,Umbreon GX,80,Ultra Rare,Holofoil,CGC 7.0 NM,Near Mint,0.0000,1,15.5,0,false,2026-01-04,
Main,Pokemon,Supreme Victors,Parasect,38,Rare,Reverse Holofoil,Ungraded,Near Mint,0.0000,1,2.24,0,false,2026-01-04,
Main,Pokemon,Surging Sparks,Alolan Dugtrio,208/191,Illustration Rare,Holofoil,Ungraded,Near Mint,0.0000,1,8.77,0,false,2026-01-04,
Main,Pokemon,Surging Sparks,Black Kyurem ex,048/191,Double Rare,Holofoil,Ungraded,Near Mint,0.0000,1,0.66,0,false,2026-01-04,
Main,Pokemon,Surging Sparks,Ceruledge ex,036/191,Double Rare,Holofoil,Ungraded,Near Mint,0.0000,1,1.16,0,false,2026-01-04,
Main,Pokemon,Surging Sparks,Cetitan,201/191,Illustration Rare,Holofoil,Ungraded,Near Mint,0.0000,1,2.88,0,false,2026-01-04,
Main,Pokemon,Surging Sparks,Energy Search Pro,176/191,ACE SPEC Rare,Holofoil,Ungraded,Near Mint,0.0000,1,0.68,0,false,2026-01-04,
Main,Pokemon,Surging Sparks,Flapple,210/191,Illustration Rare,Holofoil,Ungraded,Near Mint,0.0000,1,4.68,0,false,2026-01-04,
Main,Pokemon,Surging Sparks,Latias ex,076/191,Double Rare,Holofoil,Ungraded,Near Mint,0.0000,1,5.58,0,false,2026-01-04,
Main,Pokemon,Surging Sparks,Sylveon ex,086/191,Double Rare,Holofoil,Ungraded,Near Mint,0.0000,1,2.31,0,false,2026-01-04,
Main,Pokemon,SV: 151,Alakazam ex,188/165,Ultra Rare,Holofoil,Ungraded,Near Mint,0.0000,1,12.54,0,false,2026-01-04,
Main,Pokemon,SV: 151,Kangaskhan ex,115/165,Double Rare,Holofoil,CGC 10.0 Pristine,Near Mint,0.0000,1,15,0,false,2026-01-04,
Main,Pokemon,SV: 151,Squirtle,170/165,Illustration Rare,Holofoil,Ungraded,Near Mint,0,1,96.17,0,false,2026-01-21,
Main,Pokemon,SV: 151,Venusaur ex,003/165,Double Rare,Holofoil,CGC 9.0 Mint,Near Mint,0.0000,1,6.5,0,false,2026-01-04,
Main,Pokemon,SV: 151,Venusaur ex,182/165,Ultra Rare,Holofoil,Ungraded,Near Mint,0.0000,1,14.23,0,false,2026-01-04,
Main,Pokemon,SV: 151,Venusaur ex,198/165,Special Illustration Rare,Holofoil,Ungraded,Near Mint,0,1,121.63,0,false,2026-01-04,
Main,Pokemon,SV: 151,Venusaur ex,198/165,Special Illustration Rare,Holofoil,BGS 9.0 Mint,Near Mint,0.0000,1,123.24,0,false,2026-03-13,
Main,Pokemon,SV: 151,Wartortle,171/165,Illustration Rare,Holofoil,Ungraded,Near Mint,0,1,63.1,0,false,2026-01-21,
Main,Pokemon,SV: 151,Zapdos ex,192/165,Ultra Rare,Holofoil,Ungraded,Near Mint,0.0000,1,10.5,0,false,2026-01-04,
Main,Pokemon,Sword & Shield Base Set,Ordinary Rod,171/202,Uncommon,Reverse Holofoil,Ungraded,Near Mint,0.0000,1,0.31,0,false,2026-01-13,
Main,Pokemon,Sword & Shield Promo,Cramorant V,SWSH086,Promo,Holofoil,Ungraded,Near Mint,0.0000,1,1.1,0,false,2026-01-04,
Main,Pokemon,Sword & Shield Promo,Galarian Articuno,SWSH282,Promo,Holofoil,Ungraded,Near Mint,0.0000,1,5.17,0,false,2026-01-05,
Main,Pokemon,Sword & Shield Promo,Galarian Zapdos,SWSH283,Promo,Holofoil,Ungraded,Near Mint,0.0000,1,3.87,0,false,2026-01-04,
Main,Pokemon,Sword & Shield Promo,Lucario,SWSH186,Promo,Holofoil,Ungraded,Near Mint,0.0000,1,5.88,0,false,2026-01-04,
Main,Pokemon,Sword & Shield Promo,Lucario V,SWSH213,Promo,Holofoil,CGC 8.0 NM/Mint,Near Mint,0.0000,1,6.5,0,false,2026-01-04,
Main,Pokemon,Team Rocket,Dark Machoke,40,Uncommon,1st Edition,Ungraded,Near Mint,0.0000,1,6.7,0,false,2026-01-04,
Main,Pokemon,Team Rocket,Nightly Garbage Run,77,Uncommon,1st Edition,Ungraded,Near Mint,0,1,2.71,0,false,2026-01-04,
Main,Pokemon,Team Rocket,Nightly Garbage Run,77,Uncommon,1st Edition,BGS 8.0 NM-MT,Near Mint,0.0000,1,20,0,false,2026-03-13,
Main,Pokemon,Temporal Forces,Ancient Booster Energy Capsule,140/162,Uncommon,Reverse Holofoil,Ungraded,Near Mint,0.0000,1,0.24,0,false,2026-01-05,
Main,Pokemon,Temporal Forces,Iron Leaves ex,213/162,Hyper Rare,Holofoil,BGS 9.0 Mint,Near Mint,0.0000,1,5.24,0,false,2026-03-13,
Main,Pokemon,Trading Card Game Classic,Charizard,003/034,Classic Collection,Holofoil,Ungraded,Near Mint,0,1,200.53,0,false,2026-01-09,
Main,Pokemon,Trading Card Game Classic,Charizard,003/034,Classic Collection,Holofoil,CGC 10.0 Gem Mint,Near Mint,0,1,282.52,0,false,2026-01-04,
Main,Pokemon,Trading Card Game Classic,Charmeleon,002/034,Classic Collection,Holofoil,CGC 9.5 Mint+,Near Mint,0.0000,1,14.44,0,false,2026-01-12,
Main,Pokemon,Trading Card Game Classic,Drops in the Ocean,021/034,Classic Collection,Holofoil,Ungraded,Near Mint,0.0000,1,0.29,0,false,2026-01-05,
Main,Pokemon,Trading Card Game Classic,Lt. Surge's Raticate,016/034,Classic Collection,Holofoil,Ungraded,Near Mint,0.0000,1,1.53,0,false,2026-01-04,
Main,Pokemon,Trading Card Game Classic,Paras,004/034,Classic Collection,Holofoil,Ungraded,Near Mint,0.0000,1,3.61,0,false,2026-01-04,
Main,Pokemon,Trading Card Game Classic,Rocket's Admin. (CLB),027/034,Classic Collection,Holofoil,Ungraded,Near Mint,0.0000,1,0.36,0,false,2026-01-04,
Main,Pokemon,Trading Card Game Classic,Scorching Charcoal,026/034,Classic Collection,Holofoil,Ungraded,Near Mint,0.0000,1,0.19,0,false,2026-01-05,
Main,Pokemon,Trading Card Game Classic,Staryu,004/034,Classic Collection,Holofoil,CGC 10.0 Pristine,Near Mint,0.0000,1,23.5,0,false,2026-01-12,
Main,Pokemon,Trading Card Game Classic (Japanese),Wartortle (JP),002/032,Common,Holofoil,TAG 10.0 GEM MINT,Near Mint,0,1,49.47,0,false,2026-01-04,
Main,Pokemon,Trick or Trade BOOster Bundle 2023,Gengar,066/196,Holo Rare,Holofoil,Ungraded,Near Mint,0.0000,1,1.49,0,false,2026-01-04,
Main,Pokemon,Twilight Masquerade,Blissey ex,134/167,Double Rare,Holofoil,Ungraded,Near Mint,0.0000,1,0.75,0,false,2026-01-04,
Main,Pokemon,Twilight Masquerade,Bloodmoon Ursaluna ex,141/167,Double Rare,Holofoil,Ungraded,Near Mint,0.0000,2,0.86,0,false,2026-01-04,
Main,Pokemon,Twilight Masquerade,Chansey,187/167,Illustration Rare,Holofoil,Ungraded,Near Mint,0.0000,1,56.73,0,false,2026-01-04,
Main,Pokemon,Twilight Masquerade,Eevee,188/167,Illustration Rare,Holofoil,Ungraded,Near Mint,0.0000,1,94.38,0,false,2026-01-04,
Main,Pokemon,Twilight Masquerade,Greninja ex,106/167,Double Rare,Holofoil,Ungraded,Near Mint,0.0000,2,2.42,0,false,2026-01-04,
Main,Pokemon,Twilight Masquerade,Hearthflame Mask Ogerpon ex,040/167,Double Rare,Holofoil,Ungraded,Near Mint,0.0000,1,0.65,0,false,2026-01-04,
Main,Pokemon,Twilight Masquerade,Iron Thorns ex,077/167,Double Rare,Holofoil,Ungraded,Near Mint,0.0000,2,0.67,0,false,2026-01-04,
Main,Pokemon,Twilight Masquerade,Magcargo ex,029/167,Double Rare,Holofoil,Ungraded,Near Mint,0.0000,1,0.55,0,false,2026-01-04,
Main,Pokemon,Twilight Masquerade,Scream Tail ex,094/167,Double Rare,Holofoil,Ungraded,Near Mint,0.0000,1,0.71,0,false,2026-01-04,
Main,Pokemon,Twilight Masquerade,Sinistcha ex,023/167,Double Rare,Holofoil,Ungraded,Near Mint,0.0000,1,0.77,0,false,2026-01-04,
Main,Pokemon,Twilight Masquerade,Wellspring Mask Ogerpon ex,064/167,Double Rare,Holofoil,Ungraded,Near Mint,0.0000,3,0.85,0,false,2026-01-04,
Main,Pokemon,Unbroken Bonds,Mewtwo,75,Rare,Reverse Holofoil,Ungraded,Near Mint,0.0000,1,8.16,0,false,2026-01-04,
Main,Pokemon,Unbroken Bonds,Sandshrew,83,Common,Reverse Holofoil,Ungraded,Near Mint,0.0000,1,0.43,0,false,2026-01-04,
Main,Pokemon,Unbroken Bonds,Sandslash,84,Rare,Normal,Ungraded,Near Mint,0.0000,1,0.36,0,false,2026-01-04,
Main,Pokemon,Vivid Voltage,Drapion V (Full Art),175/185,Ultra Rare,Holofoil,Ungraded,Near Mint,0.0000,1,1.49,0,false,2026-01-04,
Main,Pokemon,VMAX Rising,Rillaboom VMAX (JP),009/070,Ultra Rare,Holofoil,Ungraded,Near Mint,0.0000,1,1.96,0,false,2026-01-04,
Main,Pokemon,White Flare,Ducklett (Master Ball Pattern),022/086,Common,Holofoil,Ungraded,Near Mint,0.0000,1,2.33,0,false,2026-01-05,
Main,Pokemon,White Flare,Terrakion (Poke Ball Pattern),054/086,Rare,Holofoil,Ungraded,Near Mint,0.0000,1,0.56,0,false,2026-01-05,
Main,Pokemon,WoTC Promo,Mewtwo (Movie Promo),03/53,Promo,Normal,CGC 9.0 Mint,Near Mint,0,1,106.43,0,false,2026-01-12,
